dataset,conf_num,reg_type,weight_type,alpha,use_layer_norm,use_aug,lr,batch_size,train_full_score,train_partial_score,val_full_score,val_partial_score,train_partial_scores_mean,val_partial_scores_mean,train_diff_full_partial,val_diff_full_partial,diff_full_partial_min,partial_scores_mean_min
Analcatdata_germangss,80,l2,loss,1.0,False,True,0.1,64,0.9233141541481018,0.904 +- 0.018,0.921875,0.898 +- 0.031,0.904,0.898,0.01931415414810178,0.02387499999999998,0.01931415414810178,0.898
Analcatdata_germangss,17,l1,loss,0.5,False,False,0.01,32,0.9375,0.922 +- 0.02,0.9375,0.896 +- 0.033,0.922,0.896,0.015499999999999958,0.04149999999999998,0.015499999999999958,0.896
Analcatdata_germangss,1,l1,None,0.5,False,False,0.01,32,0.9453125,0.921 +- 0.02,0.90625,0.895 +- 0.034,0.921,0.895,0.02431249999999996,0.011249999999999982,0.011249999999999982,0.895
Analcatdata_germangss,22,l1,loss,0.5,False,True,0.01,64,0.9175575375556946,0.904 +- 0.018,0.90625,0.892 +- 0.028,0.904,0.892,0.013557537555694554,0.014249999999999985,0.013557537555694554,0.892
Analcatdata_germangss,133,max,avg,0.5,False,True,0.01,32,0.9354440569877625,0.915 +- 0.017,0.890625,0.891 +- 0.041,0.915,0.891,0.020444056987762416,-0.0003750000000000142,-0.0003750000000000142,0.891
Analcatdata_germangss,37,l1,avg,0.5,False,True,0.01,32,0.9206414222717284,0.904 +- 0.019,0.90625,0.891 +- 0.029,0.904,0.891,0.01664142227172838,0.015249999999999986,0.015249999999999986,0.891
Analcatdata_germangss,21,l1,loss,0.5,False,True,0.01,32,0.9130345582962036,0.896 +- 0.018,0.875,0.89 +- 0.038,0.896,0.89,0.017034558296203595,-0.015000000000000013,-0.015000000000000013,0.89
Analcatdata_germangss,181,var,avg,0.5,False,True,0.01,32,0.928042769432068,0.909 +- 0.017,0.921875,0.888 +- 0.033,0.909,0.888,0.019042769432067952,0.03387499999999999,0.019042769432067952,0.888
Analcatdata_germangss,38,l1,avg,0.5,False,True,0.01,64,0.9231085777282716,0.905 +- 0.019,0.890625,0.887 +- 0.03,0.905,0.887,0.01810857772827157,0.0036249999999999893,0.0036249999999999893,0.887
Analcatdata_germangss,134,max,avg,0.5,False,True,0.01,64,0.939761519432068,0.921 +- 0.015,0.890625,0.887 +- 0.033,0.921,0.887,0.01876151943206794,0.0036249999999999893,0.0036249999999999893,0.887
Analcatdata_germangss,82,l2,avg,0.5,False,False,0.01,64,0.9609375,0.936 +- 0.019,0.90625,0.887 +- 0.027,0.936,0.887,0.024937499999999946,0.01924999999999999,0.01924999999999999,0.887
Analcatdata_germangss,89,l2,avg,1.0,False,False,0.01,32,0.953125,0.93 +- 0.021,0.90625,0.887 +- 0.03,0.93,0.887,0.02312499999999995,0.01924999999999999,0.01924999999999999,0.887
Analcatdata_germangss,132,max,avg,0.5,False,False,0.1,64,0.9375,0.915 +- 0.022,0.890625,0.885 +- 0.033,0.915,0.885,0.022499999999999964,0.005624999999999991,0.005624999999999991,0.885
Analcatdata_germangss,49,l2,None,0.5,False,False,0.01,32,0.96484375,0.935 +- 0.023,0.921875,0.885 +- 0.029,0.935,0.885,0.029843749999999947,0.03687499999999999,0.029843749999999947,0.885
Analcatdata_germangss,95,l2,avg,1.0,False,True,0.1,32,0.9002878069877625,0.884 +- 0.018,0.875,0.891 +- 0.039,0.884,0.891,0.016287806987762443,-0.016000000000000014,-0.016000000000000014,0.884
Analcatdata_germangss,86,l2,avg,0.5,False,True,0.01,64,0.9294819235801696,0.909 +- 0.017,0.875,0.884 +- 0.038,0.909,0.884,0.020481923580169537,-0.009000000000000008,-0.009000000000000008,0.884
Analcatdata_germangss,149,var,None,0.5,False,True,0.01,32,0.9362664222717284,0.917 +- 0.017,0.90625,0.884 +- 0.033,0.917,0.884,0.019266422271728367,0.022249999999999992,0.019266422271728367,0.884
Analcatdata_germangss,109,max,None,1.0,False,True,0.01,32,0.9446957111358644,0.924 +- 0.016,0.921875,0.884 +- 0.037,0.924,0.884,0.020695711135864325,0.03787499999999999,0.020695711135864325,0.884
Analcatdata_germangss,54,l2,None,0.5,False,True,0.01,64,0.9220805764198304,0.905 +- 0.017,0.921875,0.883 +- 0.029,0.905,0.883,0.017080576419830407,0.03887499999999999,0.017080576419830407,0.883
Analcatdata_germangss,57,l2,None,1.0,False,False,0.01,32,0.9453125,0.924 +- 0.022,0.90625,0.883 +- 0.025,0.924,0.883,0.021312499999999956,0.023249999999999993,0.021312499999999956,0.883
Analcatdata_germangss,70,l2,loss,0.5,False,True,0.01,64,0.9381167888641356,0.919 +- 0.017,0.890625,0.882 +- 0.03,0.919,0.882,0.019116788864135592,0.008624999999999994,0.008624999999999994,0.882
Analcatdata_germangss,125,max,loss,1.0,False,True,0.01,32,0.9459292888641356,0.925 +- 0.016,0.890625,0.879 +- 0.031,0.925,0.879,0.020929288864135587,0.011624999999999996,0.011624999999999996,0.879
Analcatdata_germangss,64,l2,None,1.0,False,True,0.1,64,0.9261924624443054,0.909 +- 0.018,0.90625,0.879 +- 0.034,0.909,0.879,0.01719246244430539,0.027249999999999996,0.01719246244430539,0.879
Analcatdata_germangss,150,var,None,0.5,False,True,0.01,64,0.9420230388641356,0.921 +- 0.018,0.90625,0.879 +- 0.029,0.921,0.879,0.02102303886413559,0.027249999999999996,0.02102303886413559,0.879
Analcatdata_germangss,113,max,loss,0.5,False,False,0.01,32,0.9609375,0.935 +- 0.022,0.859375,0.878 +- 0.034,0.935,0.878,0.025937499999999947,-0.018625000000000003,-0.018625000000000003,0.878
Analcatdata_germangss,69,l2,loss,0.5,False,True,0.01,32,0.9309210777282716,0.912 +- 0.017,0.875,0.878 +- 0.033,0.912,0.878,0.018921077728271563,-0.0030000000000000027,-0.0030000000000000027,0.878
Analcatdata_germangss,66,l2,loss,0.5,False,False,0.01,64,0.96484375,0.939 +- 0.023,0.890625,0.878 +- 0.035,0.939,0.878,0.025843750000000054,0.012624999999999997,0.012624999999999997,0.878
Analcatdata_germangss,76,l2,loss,1.0,False,False,0.1,64,0.921875,0.899 +- 0.023,0.890625,0.878 +- 0.037,0.899,0.878,0.02287499999999998,0.012624999999999997,0.012624999999999997,0.878
Analcatdata_germangss,6,l1,None,0.5,False,True,0.01,64,0.9368832111358644,0.919 +- 0.018,0.90625,0.878 +- 0.028,0.919,0.878,0.01788321113586433,0.028249999999999997,0.01788321113586433,0.878
Analcatdata_germangss,142,max,avg,1.0,False,True,0.01,64,0.9407894611358644,0.92 +- 0.016,0.921875,0.878 +- 0.037,0.92,0.878,0.02078946113586433,0.043875,0.02078946113586433,0.878
Analcatdata_germangss,191,var,avg,1.0,False,True,0.1,32,0.9159128069877625,0.895 +- 0.018,0.90625,0.878 +- 0.035,0.895,0.878,0.020912806987762433,0.028249999999999997,0.020912806987762433,0.878
Analcatdata_germangss,129,max,avg,0.5,False,False,0.01,32,0.953125,0.931 +- 0.02,0.890625,0.877 +- 0.028,0.931,0.877,0.02212499999999995,0.013624999999999998,0.013624999999999998,0.877
Analcatdata_germangss,130,max,avg,0.5,False,False,0.01,64,0.96484375,0.941 +- 0.018,0.90625,0.877 +- 0.035,0.941,0.877,0.023843750000000052,0.029249999999999998,0.023843750000000052,0.877
Analcatdata_germangss,163,var,loss,0.5,False,False,0.1,32,0.9140625,0.903 +- 0.021,0.90625,0.876 +- 0.034,0.903,0.876,0.011062499999999975,0.03025,0.011062499999999975,0.876
Analcatdata_germangss,128,max,loss,1.0,False,True,0.1,64,0.9097450375556946,0.896 +- 0.018,0.921875,0.876 +- 0.04,0.896,0.876,0.013745037555694561,0.045875,0.013745037555694561,0.876
Analcatdata_germangss,110,max,None,1.0,False,True,0.01,64,0.94140625,0.92 +- 0.016,0.875,0.875 +- 0.031,0.92,0.875,0.02140624999999996,0.0,0.0,0.875
Analcatdata_germangss,53,l2,None,0.5,False,True,0.01,32,0.939144730567932,0.919 +- 0.017,0.921875,0.875 +- 0.027,0.919,0.875,0.02014473056793198,0.046875,0.02014473056793198,0.875
Analcatdata_germangss,85,l2,avg,0.5,False,True,0.01,32,0.9268091917037964,0.91 +- 0.017,0.921875,0.874 +- 0.031,0.91,0.874,0.016809191703796356,0.047875,0.016809191703796356,0.874
Analcatdata_germangss,63,l2,None,1.0,False,True,0.1,32,0.9159128069877625,0.898 +- 0.018,0.90625,0.874 +- 0.031,0.898,0.874,0.01791280698776243,0.03225,0.01791280698776243,0.874
Analcatdata_germangss,161,var,loss,0.5,False,False,0.01,32,0.9609375,0.936 +- 0.017,0.859375,0.873 +- 0.025,0.936,0.873,0.024937499999999946,-0.013624999999999998,-0.013624999999999998,0.873
Analcatdata_germangss,5,l1,None,0.5,False,True,0.01,32,0.9311266541481018,0.912 +- 0.017,0.90625,0.873 +- 0.026,0.912,0.873,0.019126654148101774,0.03325,0.019126654148101774,0.873
Analcatdata_germangss,78,l2,loss,1.0,False,True,0.01,64,0.931332230567932,0.915 +- 0.018,0.859375,0.872 +- 0.032,0.915,0.872,0.016332230567931982,-0.012624999999999997,-0.012624999999999997,0.872
Analcatdata_germangss,71,l2,loss,0.5,False,True,0.1,32,0.927425980567932,0.908 +- 0.017,0.90625,0.872 +- 0.029,0.908,0.872,0.01942598056793199,0.03425,0.01942598056793199,0.872
Analcatdata_germangss,73,l2,loss,1.0,False,False,0.01,32,0.953125,0.93 +- 0.022,0.84375,0.871 +- 0.023,0.93,0.871,0.02312499999999995,-0.027249999999999996,-0.027249999999999996,0.871
Analcatdata_germangss,101,max,None,0.5,False,True,0.01,32,0.9385279417037964,0.917 +- 0.016,0.84375,0.871 +- 0.032,0.917,0.871,0.02152794170379635,-0.027249999999999996,-0.027249999999999996,0.871
Analcatdata_germangss,118,max,loss,0.5,False,True,0.01,64,0.9535362124443054,0.933 +- 0.016,0.859375,0.871 +- 0.03,0.933,0.871,0.02053621244430537,-0.011624999999999996,-0.011624999999999996,0.871
Analcatdata_germangss,120,max,loss,0.5,False,True,0.1,64,0.9255756735801696,0.907 +- 0.016,0.875,0.871 +- 0.036,0.907,0.871,0.01857567358016954,0.0040000000000000036,0.0040000000000000036,0.871
Analcatdata_germangss,62,l2,None,1.0,False,True,0.01,64,0.9152960777282716,0.9 +- 0.018,0.890625,0.871 +- 0.027,0.9,0.871,0.015296077728271573,0.019625000000000004,0.015296077728271573,0.871
Analcatdata_germangss,34,l1,avg,0.5,False,False,0.01,64,0.9296875,0.905 +- 0.021,0.90625,0.871 +- 0.035,0.905,0.871,0.024687499999999973,0.035250000000000004,0.024687499999999973,0.871
Analcatdata_germangss,77,l2,loss,1.0,False,True,0.01,32,0.9389391541481018,0.919 +- 0.018,0.828125,0.87 +- 0.024,0.919,0.87,0.019939154148101768,-0.041874999999999996,-0.041874999999999996,0.87
Analcatdata_germangss,166,var,loss,0.5,False,True,0.01,64,0.9333881735801696,0.916 +- 0.017,0.890625,0.869 +- 0.028,0.916,0.869,0.01738817358016953,0.021625000000000005,0.01738817358016953,0.869
Analcatdata_germangss,117,max,loss,0.5,False,True,0.01,32,0.9541529417037964,0.932 +- 0.016,0.84375,0.868 +- 0.042,0.932,0.868,0.022152941703796336,-0.024249999999999994,-0.024249999999999994,0.868
Analcatdata_germangss,136,max,avg,0.5,False,True,0.1,64,0.912417769432068,0.891 +- 0.015,0.875,0.868 +- 0.038,0.891,0.868,0.021417769432067968,0.007000000000000006,0.007000000000000006,0.868
Analcatdata_germangss,153,var,None,1.0,False,False,0.01,32,0.96484375,0.94 +- 0.02,0.890625,0.868 +- 0.027,0.94,0.868,0.024843750000000053,0.022625000000000006,0.022625000000000006,0.868
Analcatdata_germangss,154,var,None,1.0,False,False,0.01,64,0.9609375,0.943 +- 0.024,0.90625,0.867 +- 0.027,0.943,0.867,0.01793750000000005,0.03925000000000001,0.01793750000000005,0.867
Analcatdata_germangss,98,max,None,0.5,False,False,0.01,64,0.93359375,0.922 +- 0.019,0.859375,0.865 +- 0.029,0.922,0.865,0.011593749999999958,-0.005624999999999991,-0.005624999999999991,0.865
Analcatdata_germangss,146,var,None,0.5,False,False,0.01,64,0.9296875,0.922 +- 0.022,0.890625,0.865 +- 0.027,0.922,0.865,0.007687499999999958,0.02562500000000001,0.007687499999999958,0.865
Analcatdata_germangss,178,var,avg,0.5,False,False,0.01,64,0.94921875,0.931 +- 0.019,0.875,0.865 +- 0.029,0.931,0.865,0.01821874999999995,0.010000000000000009,0.010000000000000009,0.865
Analcatdata_germangss,126,max,loss,1.0,False,True,0.01,64,0.92578125,0.91 +- 0.016,0.890625,0.865 +- 0.036,0.91,0.865,0.01578124999999997,0.02562500000000001,0.01578124999999997,0.865
Analcatdata_germangss,33,l1,avg,0.5,False,False,0.01,32,0.90234375,0.893 +- 0.02,0.890625,0.864 +- 0.04,0.893,0.864,0.009343749999999984,0.02662500000000001,0.009343749999999984,0.864
Analcatdata_germangss,158,var,None,1.0,False,True,0.01,64,0.9263980388641356,0.911 +- 0.017,0.875,0.863 +- 0.03,0.911,0.863,0.0153980388641356,0.01200000000000001,0.01200000000000001,0.863
Analcatdata_germangss,145,var,None,0.5,False,False,0.01,32,0.95703125,0.933 +- 0.025,0.875,0.862 +- 0.025,0.933,0.862,0.02403124999999995,0.013000000000000012,0.013000000000000012,0.862
Analcatdata_germangss,122,max,loss,1.0,False,False,0.01,64,0.96484375,0.941 +- 0.021,0.84375,0.861 +- 0.032,0.941,0.861,0.023843750000000052,-0.017249999999999988,-0.017249999999999988,0.861
Analcatdata_germangss,4,l1,None,0.5,False,False,0.1,64,0.9296875,0.909 +- 0.018,0.875,0.861 +- 0.027,0.909,0.861,0.02068749999999997,0.014000000000000012,0.014000000000000012,0.861
Analcatdata_germangss,58,l2,None,1.0,False,False,0.01,64,0.9453125,0.918 +- 0.021,0.875,0.861 +- 0.032,0.918,0.861,0.027312499999999962,0.014000000000000012,0.014000000000000012,0.861
Analcatdata_germangss,105,max,None,1.0,False,False,0.01,32,0.953125,0.931 +- 0.019,0.890625,0.861 +- 0.039,0.931,0.861,0.02212499999999995,0.029625000000000012,0.02212499999999995,0.861
Analcatdata_germangss,140,max,avg,1.0,False,False,0.1,64,0.93359375,0.91 +- 0.018,0.90625,0.861 +- 0.035,0.91,0.861,0.02359374999999997,0.04525000000000001,0.02359374999999997,0.861
Analcatdata_germangss,174,var,loss,1.0,False,True,0.01,64,0.9434621930122375,0.925 +- 0.019,0.859375,0.86 +- 0.027,0.925,0.86,0.018462193012237504,-0.0006249999999999867,-0.0006249999999999867,0.86
Analcatdata_germangss,165,var,loss,0.5,False,True,0.01,32,0.9224917888641356,0.906 +- 0.016,0.890625,0.86 +- 0.033,0.906,0.86,0.016491788864135604,0.030625000000000013,0.016491788864135604,0.86
Analcatdata_germangss,56,l2,None,0.5,False,True,0.1,64,0.8941200375556946,0.88 +- 0.019,0.890625,0.859 +- 0.045,0.88,0.859,0.014120037555694576,0.031625000000000014,0.014120037555694576,0.859
Analcatdata_germangss,138,max,avg,1.0,False,False,0.01,64,0.9609375,0.932 +- 0.022,0.921875,0.859 +- 0.035,0.932,0.859,0.02893749999999995,0.06287500000000001,0.02893749999999995,0.859
Analcatdata_germangss,50,l2,None,0.5,False,False,0.01,64,0.953125,0.923 +- 0.022,0.890625,0.859 +- 0.031,0.923,0.859,0.030124999999999957,0.031625000000000014,0.030124999999999957,0.859
Analcatdata_germangss,137,max,avg,1.0,False,False,0.01,32,0.94140625,0.92 +- 0.022,0.859375,0.858 +- 0.029,0.92,0.858,0.02140624999999996,0.001375000000000015,0.001375000000000015,0.858
Analcatdata_germangss,61,l2,None,1.0,False,True,0.01,32,0.9364720582962036,0.917 +- 0.018,0.875,0.857 +- 0.022,0.917,0.857,0.019472058296203576,0.018000000000000016,0.018000000000000016,0.857
Analcatdata_germangss,94,l2,avg,1.0,False,True,0.01,64,0.9333881735801696,0.918 +- 0.016,0.84375,0.855 +- 0.038,0.918,0.855,0.015388173580169529,-0.011249999999999982,-0.011249999999999982,0.855
Analcatdata_germangss,124,max,loss,1.0,False,False,0.1,64,0.92578125,0.912 +- 0.019,0.859375,0.855 +- 0.035,0.912,0.855,0.013781249999999967,0.004375000000000018,0.004375000000000018,0.855
Analcatdata_germangss,173,var,loss,1.0,False,True,0.01,32,0.9387335777282716,0.919 +- 0.018,0.921875,0.855 +- 0.026,0.919,0.855,0.019733577728271556,0.06687500000000002,0.019733577728271556,0.855
Analcatdata_germangss,184,var,avg,0.5,False,True,0.1,64,0.924136519432068,0.908 +- 0.016,0.84375,0.854 +- 0.029,0.908,0.854,0.016136519432067953,-0.010249999999999981,-0.010249999999999981,0.854
Analcatdata_germangss,90,l2,avg,1.0,False,False,0.01,64,0.94140625,0.929 +- 0.02,0.875,0.854 +- 0.03,0.929,0.854,0.012406249999999952,0.02100000000000002,0.012406249999999952,0.854
Analcatdata_germangss,169,var,loss,1.0,False,False,0.01,32,0.9296875,0.907 +- 0.017,0.828125,0.852 +- 0.025,0.907,0.852,0.02268749999999997,-0.02387499999999998,-0.02387499999999998,0.852
Analcatdata_germangss,51,l2,None,0.5,False,False,0.1,32,0.92578125,0.903 +- 0.017,0.84375,0.852 +- 0.042,0.903,0.852,0.022781249999999975,-0.00824999999999998,-0.00824999999999998,0.852
Analcatdata_germangss,157,var,None,1.0,False,True,0.01,32,0.9385279417037964,0.92 +- 0.017,0.84375,0.852 +- 0.034,0.92,0.852,0.018527941703796347,-0.00824999999999998,-0.00824999999999998,0.852
Analcatdata_germangss,164,var,loss,0.5,False,False,0.1,64,0.9140625,0.907 +- 0.021,0.890625,0.852 +- 0.044,0.907,0.852,0.007062499999999972,0.03862500000000002,0.007062499999999972,0.852
Analcatdata_germangss,74,l2,loss,1.0,False,False,0.01,64,0.953125,0.919 +- 0.025,0.875,0.852 +- 0.035,0.919,0.852,0.03412499999999996,0.02300000000000002,0.02300000000000002,0.852
Analcatdata_germangss,189,var,avg,1.0,False,True,0.01,32,0.943667769432068,0.924 +- 0.019,0.890625,0.851 +- 0.027,0.924,0.851,0.01966776943206794,0.03962500000000002,0.01966776943206794,0.851
Analcatdata_germangss,68,l2,loss,0.5,False,False,0.1,64,0.93359375,0.913 +- 0.02,0.8125,0.85 +- 0.03,0.913,0.85,0.020593749999999966,-0.03749999999999998,-0.03749999999999998,0.85
Analcatdata_germangss,97,max,None,0.5,False,False,0.01,32,0.91796875,0.904 +- 0.022,0.796875,0.849 +- 0.035,0.904,0.849,0.013968749999999974,-0.05212499999999998,-0.05212499999999998,0.849
Analcatdata_germangss,121,max,loss,1.0,False,False,0.01,32,0.921875,0.922 +- 0.021,0.8125,0.848 +- 0.034,0.922,0.848,-0.00012500000000004174,-0.035499999999999976,-0.035499999999999976,0.848
Analcatdata_germangss,100,max,None,0.5,False,False,0.1,64,0.89453125,0.897 +- 0.017,0.84375,0.848 +- 0.034,0.897,0.848,-0.0024687500000000195,-0.004249999999999976,-0.004249999999999976,0.848
Analcatdata_germangss,107,max,None,1.0,False,False,0.1,32,0.8828125,0.894 +- 0.02,0.859375,0.846 +- 0.04,0.894,0.846,-0.011187500000000017,0.013375000000000026,-0.011187500000000017,0.846
Analcatdata_germangss,67,l2,loss,0.5,False,False,0.1,32,0.91796875,0.905 +- 0.019,0.84375,0.846 +- 0.022,0.905,0.846,0.012968749999999973,-0.0022499999999999742,-0.0022499999999999742,0.846
Analcatdata_germangss,114,max,loss,0.5,False,False,0.01,64,0.90625,0.911 +- 0.022,0.859375,0.845 +- 0.023,0.911,0.845,-0.004750000000000032,0.014375000000000027,-0.004750000000000032,0.845
Analcatdata_germangss,123,max,loss,1.0,False,False,0.1,32,0.90625,0.88 +- 0.018,0.875,0.845 +- 0.039,0.88,0.845,0.026249999999999996,0.030000000000000027,0.026249999999999996,0.845
Analcatdata_germangss,60,l2,None,1.0,False,False,0.1,64,0.9375,0.922 +- 0.018,0.859375,0.844 +- 0.029,0.922,0.844,0.015499999999999958,0.015375000000000028,0.015375000000000028,0.844
Analcatdata_germangss,102,max,None,0.5,False,True,0.01,64,0.9309210777282716,0.913 +- 0.015,0.84375,0.843 +- 0.023,0.913,0.843,0.01792107772827156,0.0007500000000000284,0.0007500000000000284,0.843
Analcatdata_germangss,39,l1,avg,0.5,False,True,0.1,32,0.8980262875556946,0.883 +- 0.018,0.875,0.84 +- 0.031,0.883,0.84,0.015026287555694573,0.03500000000000003,0.015026287555694573,0.84
Analcatdata_germangss,185,var,avg,1.0,False,False,0.01,32,0.9609375,0.934 +- 0.022,0.828125,0.839 +- 0.029,0.934,0.839,0.026937499999999948,-0.010874999999999968,-0.010874999999999968,0.839
Analcatdata_germangss,177,var,avg,0.5,False,False,0.01,32,0.93359375,0.92 +- 0.021,0.84375,0.839 +- 0.034,0.92,0.839,0.01359374999999996,0.004750000000000032,0.004750000000000032,0.839
Analcatdata_germangss,141,max,avg,1.0,False,True,0.01,32,0.9208470582962036,0.908 +- 0.014,0.859375,0.838 +- 0.043,0.908,0.838,0.012847058296203584,0.021375000000000033,0.012847058296203584,0.838
Analcatdata_germangss,182,var,avg,0.5,False,True,0.01,64,0.91015625,0.901 +- 0.017,0.859375,0.837 +- 0.034,0.901,0.837,0.009156249999999977,0.022375000000000034,0.009156249999999977,0.837
Analcatdata_germangss,106,max,None,1.0,False,False,0.01,64,0.87890625,0.879 +- 0.023,0.859375,0.835 +- 0.039,0.879,0.835,-9.375000000000355e-05,0.024375000000000036,-9.375000000000355e-05,0.835
Analcatdata_germangss,8,l1,None,0.5,False,True,0.1,64,0.911800980567932,0.899 +- 0.015,0.859375,0.835 +- 0.028,0.899,0.835,0.012800980567931997,0.024375000000000036,0.012800980567931997,0.835
Analcatdata_germangss,52,l2,None,0.5,False,False,0.1,64,0.92578125,0.898 +- 0.023,0.828125,0.832 +- 0.047,0.898,0.832,0.02778124999999998,-0.003874999999999962,-0.003874999999999962,0.832
Analcatdata_germangss,81,l2,avg,0.5,False,False,0.01,32,0.9453125,0.928 +- 0.016,0.828125,0.83 +- 0.027,0.928,0.83,0.017312499999999953,-0.00187499999999996,-0.00187499999999996,0.83
Analcatdata_germangss,135,max,avg,0.5,False,True,0.1,32,0.907072365283966,0.893 +- 0.018,0.84375,0.83 +- 0.039,0.893,0.83,0.014072365283965937,0.01375000000000004,0.01375000000000004,0.83
Analcatdata_germangss,186,var,avg,1.0,False,False,0.01,64,0.94140625,0.923 +- 0.023,0.8125,0.827 +- 0.03,0.923,0.827,0.018406249999999957,-0.014499999999999957,-0.014499999999999957,0.827
Analcatdata_germangss,115,max,loss,0.5,False,False,0.1,32,0.90234375,0.877 +- 0.022,0.84375,0.822 +- 0.037,0.877,0.822,0.025343749999999998,0.021750000000000047,0.021750000000000047,0.822
Analcatdata_germangss,111,max,None,1.0,False,True,0.1,32,0.8858963847160339,0.876 +- 0.012,0.84375,0.819 +- 0.027,0.876,0.819,0.009896384716033935,0.02475000000000005,0.009896384716033935,0.819
Analcatdata_germangss,93,l2,avg,1.0,False,True,0.01,32,0.9043996930122375,0.892 +- 0.019,0.828125,0.816 +- 0.026,0.892,0.816,0.012399693012237534,0.012125000000000052,0.012125000000000052,0.816
Analcatdata_germangss,65,l2,loss,0.5,False,False,0.01,32,0.921875,0.913 +- 0.018,0.8125,0.815 +- 0.029,0.913,0.815,0.008874999999999966,-0.0024999999999999467,-0.0024999999999999467,0.815
Analcatdata_germangss,18,l1,loss,0.5,False,False,0.01,64,0.93359375,0.919 +- 0.02,0.84375,0.811 +- 0.03,0.919,0.811,0.014593749999999961,0.032749999999999946,0.014593749999999961,0.811
Analcatdata_germangss,190,var,avg,1.0,False,True,0.01,64,0.8937088847160339,0.879 +- 0.017,0.828125,0.806 +- 0.031,0.879,0.806,0.014708884716033932,0.02212499999999995,0.014708884716033932,0.806
Analcatdata_germangss,92,l2,avg,1.0,False,False,0.1,64,0.8515625,0.84 +- 0.014,0.796875,0.779 +- 0.027,0.84,0.779,0.011562500000000031,0.017874999999999974,0.011562500000000031,0.779
Analcatdata_germangss,187,var,avg,1.0,False,False,0.1,32,0.9375,0.918 +- 0.016,0.796875,0.779 +- 0.029,0.918,0.779,0.019499999999999962,0.017874999999999974,0.017874999999999974,0.779
Analcatdata_germangss,144,max,avg,1.0,False,True,0.1,64,0.8118832111358643,0.809 +- 0.009,0.75,0.778 +- 0.032,0.809,0.778,0.0028832111358642054,-0.028000000000000025,-0.028000000000000025,0.778
Analcatdata_germangss,162,var,loss,0.5,False,False,0.01,64,0.84375,0.848 +- 0.014,0.734375,0.77 +- 0.029,0.848,0.77,-0.004249999999999976,-0.03562500000000002,-0.03562500000000002,0.77
Analcatdata_germangss,183,var,avg,0.5,False,True,0.1,32,0.8231908082962036,0.817 +- 0.008,0.765625,0.753 +- 0.013,0.817,0.753,0.006190808296203665,0.012624999999999997,0.006190808296203665,0.753
Analcatdata_germangss,170,var,loss,1.0,False,False,0.01,64,0.85546875,0.843 +- 0.014,0.75,0.747 +- 0.017,0.843,0.747,0.012468750000000028,0.0030000000000000027,0.0030000000000000027,0.747
Analcatdata_germangss,2,l1,None,0.5,False,False,0.01,64,0.78125,0.781 +- 0.0,0.734375,0.734 +- 0.0,0.781,0.734,0.00024999999999997247,0.0003750000000000142,0.00024999999999997247,0.734
Analcatdata_germangss,3,l1,None,0.5,False,False,0.1,32,0.78125,0.781 +- 0.0,0.734375,0.734 +- 0.0,0.781,0.734,0.00024999999999997247,0.0003750000000000142,0.00024999999999997247,0.734
Analcatdata_germangss,7,l1,None,0.5,False,True,0.1,32,0.78125,0.781 +- 0.0,0.734375,0.734 +- 0.0,0.781,0.734,0.00024999999999997247,0.0003750000000000142,0.00024999999999997247,0.734
Analcatdata_germangss,9,l1,None,1.0,False,False,0.01,32,0.78125,0.781 +- 0.0,0.734375,0.734 +- 0.0,0.781,0.734,0.00024999999999997247,0.0003750000000000142,0.00024999999999997247,0.734
Analcatdata_germangss,10,l1,None,1.0,False,False,0.01,64,0.78125,0.781 +- 0.0,0.734375,0.734 +- 0.0,0.781,0.734,0.00024999999999997247,0.0003750000000000142,0.00024999999999997247,0.734
Analcatdata_germangss,11,l1,None,1.0,False,False,0.1,32,0.78125,0.781 +- 0.0,0.734375,0.734 +- 0.0,0.781,0.734,0.00024999999999997247,0.0003750000000000142,0.00024999999999997247,0.734
Analcatdata_germangss,12,l1,None,1.0,False,False,0.1,64,0.78125,0.781 +- 0.0,0.734375,0.734 +- 0.0,0.781,0.734,0.00024999999999997247,0.0003750000000000142,0.00024999999999997247,0.734
Analcatdata_germangss,13,l1,None,1.0,False,True,0.01,32,0.78125,0.781 +- 0.0,0.734375,0.734 +- 0.0,0.781,0.734,0.00024999999999997247,0.0003750000000000142,0.00024999999999997247,0.734
Analcatdata_germangss,14,l1,None,1.0,False,True,0.01,64,0.78125,0.781 +- 0.0,0.734375,0.734 +- 0.0,0.781,0.734,0.00024999999999997247,0.0003750000000000142,0.00024999999999997247,0.734
Analcatdata_germangss,15,l1,None,1.0,False,True,0.1,32,0.78125,0.781 +- 0.0,0.734375,0.734 +- 0.0,0.781,0.734,0.00024999999999997247,0.0003750000000000142,0.00024999999999997247,0.734
Analcatdata_germangss,16,l1,None,1.0,False,True,0.1,64,0.78125,0.781 +- 0.0,0.734375,0.734 +- 0.0,0.781,0.734,0.00024999999999997247,0.0003750000000000142,0.00024999999999997247,0.734
Analcatdata_germangss,19,l1,loss,0.5,False,False,0.1,32,0.78125,0.781 +- 0.0,0.734375,0.734 +- 0.0,0.781,0.734,0.00024999999999997247,0.0003750000000000142,0.00024999999999997247,0.734
Analcatdata_germangss,20,l1,loss,0.5,False,False,0.1,64,0.78125,0.781 +- 0.0,0.734375,0.734 +- 0.0,0.781,0.734,0.00024999999999997247,0.0003750000000000142,0.00024999999999997247,0.734
Analcatdata_germangss,23,l1,loss,0.5,False,True,0.1,32,0.78125,0.781 +- 0.0,0.734375,0.734 +- 0.0,0.781,0.734,0.00024999999999997247,0.0003750000000000142,0.00024999999999997247,0.734
Analcatdata_germangss,24,l1,loss,0.5,False,True,0.1,64,0.78125,0.781 +- 0.0,0.734375,0.734 +- 0.0,0.781,0.734,0.00024999999999997247,0.0003750000000000142,0.00024999999999997247,0.734
Analcatdata_germangss,25,l1,loss,1.0,False,False,0.01,32,0.78125,0.781 +- 0.0,0.734375,0.734 +- 0.0,0.781,0.734,0.00024999999999997247,0.0003750000000000142,0.00024999999999997247,0.734
Analcatdata_germangss,26,l1,loss,1.0,False,False,0.01,64,0.78125,0.781 +- 0.0,0.734375,0.734 +- 0.0,0.781,0.734,0.00024999999999997247,0.0003750000000000142,0.00024999999999997247,0.734
Analcatdata_germangss,27,l1,loss,1.0,False,False,0.1,32,0.78125,0.781 +- 0.0,0.734375,0.734 +- 0.0,0.781,0.734,0.00024999999999997247,0.0003750000000000142,0.00024999999999997247,0.734
Analcatdata_germangss,28,l1,loss,1.0,False,False,0.1,64,0.78125,0.781 +- 0.0,0.734375,0.734 +- 0.0,0.781,0.734,0.00024999999999997247,0.0003750000000000142,0.00024999999999997247,0.734
Analcatdata_germangss,29,l1,loss,1.0,False,True,0.01,32,0.78125,0.781 +- 0.0,0.734375,0.734 +- 0.0,0.781,0.734,0.00024999999999997247,0.0003750000000000142,0.00024999999999997247,0.734
Analcatdata_germangss,30,l1,loss,1.0,False,True,0.01,64,0.78125,0.781 +- 0.0,0.734375,0.734 +- 0.0,0.781,0.734,0.00024999999999997247,0.0003750000000000142,0.00024999999999997247,0.734
Analcatdata_germangss,31,l1,loss,1.0,False,True,0.1,32,0.78125,0.781 +- 0.0,0.734375,0.734 +- 0.0,0.781,0.734,0.00024999999999997247,0.0003750000000000142,0.00024999999999997247,0.734
Analcatdata_germangss,32,l1,loss,1.0,False,True,0.1,64,0.78125,0.781 +- 0.0,0.734375,0.734 +- 0.0,0.781,0.734,0.00024999999999997247,0.0003750000000000142,0.00024999999999997247,0.734
Analcatdata_germangss,35,l1,avg,0.5,False,False,0.1,32,0.78125,0.781 +- 0.0,0.734375,0.734 +- 0.0,0.781,0.734,0.00024999999999997247,0.0003750000000000142,0.00024999999999997247,0.734
Analcatdata_germangss,36,l1,avg,0.5,False,False,0.1,64,0.78125,0.781 +- 0.0,0.734375,0.734 +- 0.0,0.781,0.734,0.00024999999999997247,0.0003750000000000142,0.00024999999999997247,0.734
Analcatdata_germangss,40,l1,avg,0.5,False,True,0.1,64,0.78125,0.781 +- 0.0,0.734375,0.734 +- 0.0,0.781,0.734,0.00024999999999997247,0.0003750000000000142,0.00024999999999997247,0.734
Analcatdata_germangss,41,l1,avg,1.0,False,False,0.01,32,0.78125,0.781 +- 0.0,0.734375,0.734 +- 0.0,0.781,0.734,0.00024999999999997247,0.0003750000000000142,0.00024999999999997247,0.734
Analcatdata_germangss,42,l1,avg,1.0,False,False,0.01,64,0.78125,0.781 +- 0.0,0.734375,0.734 +- 0.0,0.781,0.734,0.00024999999999997247,0.0003750000000000142,0.00024999999999997247,0.734
Analcatdata_germangss,43,l1,avg,1.0,False,False,0.1,32,0.78125,0.781 +- 0.0,0.734375,0.734 +- 0.0,0.781,0.734,0.00024999999999997247,0.0003750000000000142,0.00024999999999997247,0.734
Analcatdata_germangss,44,l1,avg,1.0,False,False,0.1,64,0.78125,0.781 +- 0.0,0.734375,0.734 +- 0.0,0.781,0.734,0.00024999999999997247,0.0003750000000000142,0.00024999999999997247,0.734
Analcatdata_germangss,45,l1,avg,1.0,False,True,0.01,32,0.78125,0.781 +- 0.0,0.734375,0.734 +- 0.0,0.781,0.734,0.00024999999999997247,0.0003750000000000142,0.00024999999999997247,0.734
Analcatdata_germangss,46,l1,avg,1.0,False,True,0.01,64,0.78125,0.781 +- 0.0,0.734375,0.734 +- 0.0,0.781,0.734,0.00024999999999997247,0.0003750000000000142,0.00024999999999997247,0.734
Analcatdata_germangss,47,l1,avg,1.0,False,True,0.1,32,0.78125,0.781 +- 0.0,0.734375,0.734 +- 0.0,0.781,0.734,0.00024999999999997247,0.0003750000000000142,0.00024999999999997247,0.734
Analcatdata_germangss,48,l1,avg,1.0,False,True,0.1,64,0.78125,0.781 +- 0.0,0.734375,0.734 +- 0.0,0.781,0.734,0.00024999999999997247,0.0003750000000000142,0.00024999999999997247,0.734
Analcatdata_germangss,55,l2,None,0.5,False,True,0.1,32,0.78125,0.781 +- 0.0,0.734375,0.734 +- 0.0,0.781,0.734,0.00024999999999997247,0.0003750000000000142,0.00024999999999997247,0.734
Analcatdata_germangss,59,l2,None,1.0,False,False,0.1,32,0.78125,0.781 +- 0.0,0.734375,0.734 +- 0.0,0.781,0.734,0.00024999999999997247,0.0003750000000000142,0.00024999999999997247,0.734
Analcatdata_germangss,72,l2,loss,0.5,False,True,0.1,64,0.78125,0.781 +- 0.0,0.734375,0.734 +- 0.0,0.781,0.734,0.00024999999999997247,0.0003750000000000142,0.00024999999999997247,0.734
Analcatdata_germangss,75,l2,loss,1.0,False,False,0.1,32,0.78125,0.781 +- 0.0,0.734375,0.734 +- 0.0,0.781,0.734,0.00024999999999997247,0.0003750000000000142,0.00024999999999997247,0.734
Analcatdata_germangss,79,l2,loss,1.0,False,True,0.1,32,0.78125,0.781 +- 0.0,0.734375,0.734 +- 0.0,0.781,0.734,0.00024999999999997247,0.0003750000000000142,0.00024999999999997247,0.734
Analcatdata_germangss,83,l2,avg,0.5,False,False,0.1,32,0.78125,0.781 +- 0.0,0.734375,0.734 +- 0.0,0.781,0.734,0.00024999999999997247,0.0003750000000000142,0.00024999999999997247,0.734
Analcatdata_germangss,84,l2,avg,0.5,False,False,0.1,64,0.78125,0.781 +- 0.0,0.734375,0.734 +- 0.0,0.781,0.734,0.00024999999999997247,0.0003750000000000142,0.00024999999999997247,0.734
Analcatdata_germangss,87,l2,avg,0.5,False,True,0.1,32,0.78125,0.781 +- 0.0,0.734375,0.734 +- 0.0,0.781,0.734,0.00024999999999997247,0.0003750000000000142,0.00024999999999997247,0.734
Analcatdata_germangss,88,l2,avg,0.5,False,True,0.1,64,0.78125,0.781 +- 0.0,0.734375,0.734 +- 0.0,0.781,0.734,0.00024999999999997247,0.0003750000000000142,0.00024999999999997247,0.734
Analcatdata_germangss,91,l2,avg,1.0,False,False,0.1,32,0.78125,0.781 +- 0.0,0.734375,0.734 +- 0.0,0.781,0.734,0.00024999999999997247,0.0003750000000000142,0.00024999999999997247,0.734
Analcatdata_germangss,96,l2,avg,1.0,False,True,0.1,64,0.78125,0.781 +- 0.0,0.734375,0.734 +- 0.0,0.781,0.734,0.00024999999999997247,0.0003750000000000142,0.00024999999999997247,0.734
Analcatdata_germangss,99,max,None,0.5,False,False,0.1,32,0.78125,0.781 +- 0.0,0.734375,0.734 +- 0.0,0.781,0.734,0.00024999999999997247,0.0003750000000000142,0.00024999999999997247,0.734
Analcatdata_germangss,103,max,None,0.5,False,True,0.1,32,0.78125,0.781 +- 0.0,0.734375,0.734 +- 0.0,0.781,0.734,0.00024999999999997247,0.0003750000000000142,0.00024999999999997247,0.734
Analcatdata_germangss,104,max,None,0.5,False,True,0.1,64,0.78125,0.781 +- 0.0,0.734375,0.734 +- 0.0,0.781,0.734,0.00024999999999997247,0.0003750000000000142,0.00024999999999997247,0.734
Analcatdata_germangss,108,max,None,1.0,False,False,0.1,64,0.78125,0.781 +- 0.0,0.734375,0.734 +- 0.0,0.781,0.734,0.00024999999999997247,0.0003750000000000142,0.00024999999999997247,0.734
Analcatdata_germangss,112,max,None,1.0,False,True,0.1,64,0.78125,0.781 +- 0.0,0.734375,0.734 +- 0.0,0.781,0.734,0.00024999999999997247,0.0003750000000000142,0.00024999999999997247,0.734
Analcatdata_germangss,116,max,loss,0.5,False,False,0.1,64,0.78125,0.781 +- 0.0,0.734375,0.734 +- 0.0,0.781,0.734,0.00024999999999997247,0.0003750000000000142,0.00024999999999997247,0.734
Analcatdata_germangss,119,max,loss,0.5,False,True,0.1,32,0.78125,0.781 +- 0.0,0.734375,0.734 +- 0.0,0.781,0.734,0.00024999999999997247,0.0003750000000000142,0.00024999999999997247,0.734
Analcatdata_germangss,127,max,loss,1.0,False,True,0.1,32,0.78125,0.781 +- 0.0,0.734375,0.734 +- 0.0,0.781,0.734,0.00024999999999997247,0.0003750000000000142,0.00024999999999997247,0.734
Analcatdata_germangss,131,max,avg,0.5,False,False,0.1,32,0.78125,0.781 +- 0.0,0.734375,0.734 +- 0.0,0.781,0.734,0.00024999999999997247,0.0003750000000000142,0.00024999999999997247,0.734
Analcatdata_germangss,139,max,avg,1.0,False,False,0.1,32,0.78125,0.781 +- 0.0,0.734375,0.734 +- 0.0,0.781,0.734,0.00024999999999997247,0.0003750000000000142,0.00024999999999997247,0.734
Analcatdata_germangss,143,max,avg,1.0,False,True,0.1,32,0.78125,0.781 +- 0.0,0.734375,0.734 +- 0.0,0.781,0.734,0.00024999999999997247,0.0003750000000000142,0.00024999999999997247,0.734
Analcatdata_germangss,147,var,None,0.5,False,False,0.1,32,0.78125,0.781 +- 0.0,0.734375,0.734 +- 0.0,0.781,0.734,0.00024999999999997247,0.0003750000000000142,0.00024999999999997247,0.734
Analcatdata_germangss,148,var,None,0.5,False,False,0.1,64,0.78125,0.781 +- 0.0,0.734375,0.734 +- 0.0,0.781,0.734,0.00024999999999997247,0.0003750000000000142,0.00024999999999997247,0.734
Analcatdata_germangss,151,var,None,0.5,False,True,0.1,32,0.78125,0.781 +- 0.0,0.734375,0.734 +- 0.0,0.781,0.734,0.00024999999999997247,0.0003750000000000142,0.00024999999999997247,0.734
Analcatdata_germangss,152,var,None,0.5,False,True,0.1,64,0.78125,0.781 +- 0.0,0.734375,0.734 +- 0.0,0.781,0.734,0.00024999999999997247,0.0003750000000000142,0.00024999999999997247,0.734
Analcatdata_germangss,155,var,None,1.0,False,False,0.1,32,0.78125,0.781 +- 0.0,0.734375,0.734 +- 0.0,0.781,0.734,0.00024999999999997247,0.0003750000000000142,0.00024999999999997247,0.734
Analcatdata_germangss,156,var,None,1.0,False,False,0.1,64,0.78125,0.781 +- 0.0,0.734375,0.734 +- 0.0,0.781,0.734,0.00024999999999997247,0.0003750000000000142,0.00024999999999997247,0.734
Analcatdata_germangss,159,var,None,1.0,False,True,0.1,32,0.78125,0.781 +- 0.0,0.734375,0.734 +- 0.0,0.781,0.734,0.00024999999999997247,0.0003750000000000142,0.00024999999999997247,0.734
Analcatdata_germangss,160,var,None,1.0,False,True,0.1,64,0.78125,0.781 +- 0.0,0.734375,0.734 +- 0.0,0.781,0.734,0.00024999999999997247,0.0003750000000000142,0.00024999999999997247,0.734
Analcatdata_germangss,167,var,loss,0.5,False,True,0.1,32,0.78125,0.781 +- 0.0,0.734375,0.734 +- 0.0,0.781,0.734,0.00024999999999997247,0.0003750000000000142,0.00024999999999997247,0.734
Analcatdata_germangss,168,var,loss,0.5,False,True,0.1,64,0.78125,0.781 +- 0.0,0.734375,0.734 +- 0.0,0.781,0.734,0.00024999999999997247,0.0003750000000000142,0.00024999999999997247,0.734
Analcatdata_germangss,171,var,loss,1.0,False,False,0.1,32,0.78125,0.781 +- 0.0,0.734375,0.734 +- 0.0,0.781,0.734,0.00024999999999997247,0.0003750000000000142,0.00024999999999997247,0.734
Analcatdata_germangss,172,var,loss,1.0,False,False,0.1,64,0.78125,0.781 +- 0.0,0.734375,0.734 +- 0.0,0.781,0.734,0.00024999999999997247,0.0003750000000000142,0.00024999999999997247,0.734
Analcatdata_germangss,175,var,loss,1.0,False,True,0.1,32,0.78125,0.781 +- 0.0,0.734375,0.734 +- 0.0,0.781,0.734,0.00024999999999997247,0.0003750000000000142,0.00024999999999997247,0.734
Analcatdata_germangss,176,var,loss,1.0,False,True,0.1,64,0.78125,0.781 +- 0.0,0.734375,0.734 +- 0.0,0.781,0.734,0.00024999999999997247,0.0003750000000000142,0.00024999999999997247,0.734
Analcatdata_germangss,179,var,avg,0.5,False,False,0.1,32,0.78125,0.781 +- 0.0,0.734375,0.734 +- 0.0,0.781,0.734,0.00024999999999997247,0.0003750000000000142,0.00024999999999997247,0.734
Analcatdata_germangss,180,var,avg,0.5,False,False,0.1,64,0.78125,0.781 +- 0.0,0.734375,0.734 +- 0.0,0.781,0.734,0.00024999999999997247,0.0003750000000000142,0.00024999999999997247,0.734
Analcatdata_germangss,188,var,avg,1.0,False,False,0.1,64,0.78125,0.781 +- 0.0,0.734375,0.734 +- 0.0,0.781,0.734,0.00024999999999997247,0.0003750000000000142,0.00024999999999997247,0.734
Analcatdata_germangss,192,var,avg,1.0,False,True,0.1,64,0.78125,0.781 +- 0.0,0.734375,0.734 +- 0.0,0.781,0.734,0.00024999999999997247,0.0003750000000000142,0.00024999999999997247,0.734
